id,city_id,dt,temperature,feels_like,humidity,weather_desc,wind_speed,visibility,collected_at
1,4,2025-10-05 01:00:00,26.43,26.43,86,mây thưa,1.41,10000.0,2025-10-04 22:46:58.474042
2,4,2025-10-05 04:00:00,25.66,26.55,87,mây rải rác,1.57,10000.0,2025-10-04 22:46:58.545378
3,4,2025-10-05 07:00:00,26.23,26.23,85,mây rải rác,2.44,10000.0,2025-10-04 22:46:58.623788
4,4,2025-10-05 10:00:00,30.89,36.17,66,mây thưa,4.22,10000.0,2025-10-04 22:46:58.691947
5,4,2025-10-05 13:00:00,34.24,38.92,50,mây thưa,3.5,10000.0,2025-10-04 22:46:58.764155
6,4,2025-10-05 16:00:00,34.01,38.41,50,mây rải rác,2.53,10000.0,2025-10-04 22:46:58.831636
7,4,2025-10-05 19:00:00,28.67,31.69,68,mây cụm,2.4,10000.0,2025-10-04 22:46:58.899597
8,4,2025-10-05 22:00:00,27.94,30.68,71,mây đen u ám,2.95,10000.0,2025-10-04 22:46:58.978749
9,11,2025-10-05 01:00:00,26.85,30.12,88,mây đen u ám,1.68,10000.0,2025-10-04 22:46:59.217864
10,11,2025-10-05 04:00:00,26.44,26.44,90,mây đen u ám,0.63,10000.0,2025-10-04 22:46:59.295976
11,11,2025-10-05 07:00:00,27.6,32.21,88,mây đen u ám,1.4,10000.0,2025-10-04 22:46:59.369637
12,11,2025-10-05 10:00:00,30.79,34.89,62,mây đen u ám,2.82,10000.0,2025-10-04 22:46:59.433211
13,11,2025-10-05 13:00:00,26.63,26.63,50,mây đen u ám,4.53,10000.0,2025-10-04 22:46:59.501460
14,11,2025-10-05 16:00:00,30.29,33.83,62,mây đen u ám,3.77,10000.0,2025-10-04 22:46:59.561783
15,11,2025-10-05 19:00:00,26.94,29.17,75,mưa nhẹ,4.72,10000.0,2025-10-04 22:46:59.627087
16,11,2025-10-05 22:00:00,25.88,26.74,85,mây đen u ám,2.5,10000.0,2025-10-04 22:46:59.697687
17,14,2025-10-05 01:00:00,27.46,32.08,90,mây rải rác,1.46,10000.0,2025-10-04 22:46:59.954600
18,14,2025-10-05 04:00:00,26.32,26.32,93,mây rải rác,2.64,10000.0,2025-10-04 22:47:00.022542
19,14,2025-10-05 07:00:00,27.25,31.46,90,mây rải rác,3.08,10000.0,2025-10-04 22:47:00.088760
20,14,2025-10-05 10:00:00,31.4,37.13,65,mây thưa,4.45,10000.0,2025-10-04 22:47:00.157914
21,14,2025-10-05 13:00:00,34.99,41.45,52,mây thưa,4.85,10000.0,2025-10-04 22:47:00.221330
22,14,2025-10-05 16:00:00,29.88,34.29,68,mưa nhẹ,4.13,10000.0,2025-10-04 22:47:00.285071
23,14,2025-10-05 19:00:00,27.83,30.22,69,mây đen u ám,4.04,10000.0,2025-10-04 22:47:00.353550
24,14,2025-10-05 22:00:00,27.1,29.29,73,mây đen u ám,4.82,10000.0,2025-10-04 22:47:00.414660
25,6,2025-10-05 01:00:00,26.56,26.56,88,mây đen u ám,2.15,10000.0,2025-10-04 22:47:00.640335
26,6,2025-10-05 04:00:00,25.53,26.36,85,mây đen u ám,2.39,10000.0,2025-10-04 22:47:00.711619
27,6,2025-10-05 07:00:00,25.81,26.56,81,mây đen u ám,2.64,10000.0,2025-10-04 22:47:00.774241
28,6,2025-10-05 10:00:00,30.87,37.87,73,mây đen u ám,2.63,10000.0,2025-10-04 22:47:00.840145
29,6,2025-10-05 13:00:00,31.88,38.88,72,mây đen u ám,3.46,10000.0,2025-10-04 22:47:00.902101
30,6,2025-10-05 16:00:00,28.24,31.89,75,mưa nhẹ,2.12,10000.0,2025-10-04 22:47:00.967282
31,6,2025-10-05 19:00:00,27.56,31.15,81,mây đen u ám,4.32,10000.0,2025-10-04 22:47:01.030918
32,6,2025-10-05 22:00:00,26.78,29.59,84,mây đen u ám,4.16,10000.0,2025-10-04 22:47:01.094886
33,16,2025-10-05 01:00:00,25.92,26.97,92,mây đen u ám,2.37,10000.0,2025-10-04 22:47:01.326364
34,16,2025-10-05 04:00:00,25.42,26.39,91,mây đen u ám,2.2,10000.0,2025-10-04 22:47:01.394745
35,16,2025-10-05 07:00:00,26.17,26.17,88,mây đen u ám,2.37,10000.0,2025-10-04 22:47:01.556695
36,16,2025-10-05 10:00:00,30.88,35.34,63,mây cụm,4.01,10000.0,2025-10-04 22:47:01.630693
37,16,2025-10-05 13:00:00,31.91,34.2,50,mây đen u ám,4.32,10000.0,2025-10-04 22:47:01.701122
38,16,2025-10-05 16:00:00,29.95,34.22,67,mưa nhẹ,4.56,10000.0,2025-10-04 22:47:01.768031
39,16,2025-10-05 19:00:00,26.8,29.47,82,mưa nhẹ,2.76,10000.0,2025-10-04 22:47:01.834870
40,16,2025-10-05 22:00:00,25.76,26.66,87,mây đen u ám,2.41,10000.0,2025-10-04 22:47:01.895057
41,17,2025-10-05 01:00:00,26.71,29.34,83,mây cụm,2.55,10000.0,2025-10-04 22:47:02.113604
42,17,2025-10-05 04:00:00,26.34,26.34,84,mây đen u ám,2.5,10000.0,2025-10-04 22:47:02.179419
43,17,2025-10-05 07:00:00,27.18,30.25,81,mây đen u ám,3.05,10000.0,2025-10-04 22:47:02.249152
44,17,2025-10-05 10:00:00,31.73,35.35,56,mây đen u ám,5.97,10000.0,2025-10-04 22:47:02.311468
45,17,2025-10-05 13:00:00,32.64,35.58,50,mây đen u ám,6.41,10000.0,2025-10-04 22:47:02.472240
46,17,2025-10-05 16:00:00,31.14,34.4,57,mây cụm,7.24,10000.0,2025-10-04 22:47:02.537252
47,17,2025-10-05 19:00:00,28.13,31.35,73,mây cụm,4.44,10000.0,2025-10-04 22:47:02.600033
48,17,2025-10-05 22:00:00,27.88,31.09,75,mây đen u ám,3.33,10000.0,2025-10-04 22:47:02.664368
49,30,2025-10-05 01:00:00,26.97,29.77,81,mưa nhẹ,4.51,10000.0,2025-10-04 22:47:02.904501
50,30,2025-10-05 04:00:00,26.41,26.41,84,mưa nhẹ,3.84,10000.0,2025-10-04 22:47:02.976701
51,30,2025-10-05 07:00:00,27.08,30.02,81,mưa nhẹ,3.24,10000.0,2025-10-04 22:47:03.044001
52,30,2025-10-05 10:00:00,29.27,33.94,73,mây cụm,3.83,10000.0,2025-10-04 22:47:03.224582
53,30,2025-10-05 13:00:00,27.2,29.11,69,mây đen u ám,3.52,10000.0,2025-10-04 22:47:03.292983
54,30,2025-10-05 16:00:00,28.35,32.14,75,mưa nhẹ,6.67,10000.0,2025-10-04 22:47:03.357550
55,30,2025-10-05 19:00:00,27.97,31.43,76,mưa vừa,7.47,10000.0,2025-10-04 22:47:03.548223
56,30,2025-10-05 22:00:00,28.47,32.42,75,mưa nhẹ,7.07,10000.0,2025-10-04 22:47:03.631122
57,19,2025-10-05 01:00:00,26.59,26.59,87,mây rải rác,0.46,10000.0,2025-10-04 22:47:03.861241
58,19,2025-10-05 04:00:00,25.67,26.64,90,mây rải rác,1.81,10000.0,2025-10-04 22:47:03.927723
59,19,2025-10-05 07:00:00,26.44,26.44,87,mây rải rác,2.5,10000.0,2025-10-04 22:47:03.991315
60,19,2025-10-05 10:00:00,31.31,36.62,64,mây thưa,4.23,10000.0,2025-10-04 22:47:04.053332
61,19,2025-10-05 13:00:00,34.8,39.1,47,mây thưa,4.66,10000.0,2025-10-04 22:47:04.118286
62,19,2025-10-05 16:00:00,31.32,35.8,61,mây cụm,6.16,10000.0,2025-10-04 22:47:04.181706
63,19,2025-10-05 19:00:00,28.29,30.95,68,mây đen u ám,3.58,10000.0,2025-10-04 22:47:04.248382
64,19,2025-10-05 22:00:00,27.83,30.22,69,mây đen u ám,5.25,10000.0,2025-10-04 22:47:04.319657
65,20,2025-10-05 01:00:00,24.02,25.04,98,mây thưa,0.59,10000.0,2025-10-04 22:47:04.546964
66,20,2025-10-05 04:00:00,23.45,24.44,99,mây cụm,1.05,10000.0,2025-10-04 22:47:04.616586
67,20,2025-10-05 07:00:00,24.66,25.58,92,mây rải rác,0.87,10000.0,2025-10-04 22:47:04.680128
68,20,2025-10-05 10:00:00,31.41,35.47,59,bầu trời quang đãng,1.25,10000.0,2025-10-04 22:47:04.749185
69,20,2025-10-05 13:00:00,33.87,36.56,45,bầu trời quang đãng,2.36,10000.0,2025-10-04 22:47:04.815978
70,20,2025-10-05 16:00:00,31.36,35.1,58,mây rải rác,2.37,10000.0,2025-10-04 22:47:04.885062
71,20,2025-10-05 19:00:00,25.04,25.87,87,mây cụm,1.8,10000.0,2025-10-04 22:47:05.049269
72,20,2025-10-05 22:00:00,24.27,25.02,87,mây rải rác,1.58,10000.0,2025-10-04 22:47:05.118777
73,21,2025-10-05 01:00:00,26.11,26.11,86,mây cụm,2.87,10000.0,2025-10-04 22:47:05.317469
74,21,2025-10-05 04:00:00,25.73,26.63,87,mây đen u ám,2.52,10000.0,2025-10-04 22:47:05.384832
75,21,2025-10-05 07:00:00,26.83,29.54,82,mây đen u ám,2.6,10000.0,2025-10-04 22:47:05.554839
76,21,2025-10-05 10:00:00,29.74,33.75,67,mây đen u ám,3.99,10000.0,2025-10-04 22:47:05.622382
77,21,2025-10-05 13:00:00,30.15,34.21,65,mưa nhẹ,4.18,10000.0,2025-10-04 22:47:05.686152
78,21,2025-10-05 16:00:00,29.43,33.69,70,mưa nhẹ,5.22,10000.0,2025-10-04 22:47:05.747887
79,21,2025-10-05 19:00:00,27.56,30.65,77,mưa nhẹ,4.05,10000.0,2025-10-04 22:47:05.814857
80,21,2025-10-05 22:00:00,26.93,29.59,80,mây đen u ám,3.72,10000.0,2025-10-04 22:47:05.880909
81,22,2025-10-05 01:00:00,26.47,26.47,87,mây thưa,0.99,10000.0,2025-10-04 22:47:06.096271
82,22,2025-10-05 04:00:00,25.64,26.61,90,mây rải rác,1.6,10000.0,2025-10-04 22:47:06.168433
83,22,2025-10-05 07:00:00,26.41,26.41,86,mây thưa,2.62,10000.0,2025-10-04 22:47:06.239432
84,22,2025-10-05 10:00:00,31.11,36.42,65,mây thưa,4.32,10000.0,2025-10-04 22:47:06.302986
85,22,2025-10-05 13:00:00,34.62,39.42,49,mây thưa,3.54,10000.0,2025-10-04 22:47:06.371020
86,22,2025-10-05 16:00:00,32.48,37.26,57,mây cụm,5.73,10000.0,2025-10-04 22:47:06.436498
87,22,2025-10-05 19:00:00,28.29,31.09,69,mây đen u ám,3.48,10000.0,2025-10-04 22:47:06.502125
88,22,2025-10-05 22:00:00,27.71,30.23,71,mây đen u ám,4.22,10000.0,2025-10-04 22:47:06.563888
89,23,2025-10-05 01:00:00,26.0,26.0,94,mây đen u ám,1.33,10000.0,2025-10-04 22:47:06.787716
90,23,2025-10-05 04:00:00,25.57,26.64,94,mây đen u ám,0.89,10000.0,2025-10-04 22:47:06.854049
91,23,2025-10-05 07:00:00,26.52,26.52,92,mây đen u ám,1.43,10000.0,2025-10-04 22:47:06.917410
92,23,2025-10-05 10:00:00,30.91,34.9,61,mây cụm,2.49,10000.0,2025-10-04 22:47:06.979991
93,23,2025-10-05 13:00:00,28.85,29.83,53,mây đen u ám,3.06,10000.0,2025-10-04 22:47:07.042937
94,23,2025-10-05 16:00:00,28.01,31.24,74,mưa nhẹ,2.67,10000.0,2025-10-04 22:47:07.113339
95,23,2025-10-05 19:00:00,25.17,26.14,92,mưa nhẹ,1.92,10000.0,2025-10-04 22:47:07.180853
96,23,2025-10-05 22:00:00,24.68,25.68,95,mây đen u ám,1.43,10000.0,2025-10-04 22:47:07.273538
97,36,2025-10-05 01:00:00,25.05,25.96,90,mưa nhẹ,3.2,10000.0,2025-10-04 22:47:07.493885
98,36,2025-10-05 04:00:00,24.77,25.63,89,mây đen u ám,2.85,10000.0,2025-10-04 22:47:07.662882
99,36,2025-10-05 07:00:00,24.26,25.04,88,mưa nhẹ,3.37,10000.0,2025-10-04 22:47:07.835794
100,36,2025-10-05 10:00:00,26.15,26.15,78,mây đen u ám,1.99,10000.0,2025-10-04 22:47:07.896902
101,36,2025-10-05 13:00:00,26.43,26.43,79,mây đen u ám,2.89,10000.0,2025-10-04 22:47:07.963793
102,36,2025-10-05 16:00:00,27.5,30.29,75,mây đen u ám,2.1,10000.0,2025-10-04 22:47:08.027473
103,36,2025-10-05 19:00:00,26.97,29.31,76,mây đen u ám,2.91,10000.0,2025-10-04 22:47:08.091269
104,36,2025-10-05 22:00:00,26.29,26.29,79,mây đen u ám,3.13,10000.0,2025-10-04 22:47:08.158522
105,37,2025-10-05 01:00:00,26.81,30.02,88,mưa nhẹ,1.63,10000.0,2025-10-04 22:47:08.562487
106,37,2025-10-05 04:00:00,26.39,26.39,91,mưa nhẹ,0.99,10000.0,2025-10-04 22:47:08.643293
107,37,2025-10-05 07:00:00,27.53,32.44,91,mây đen u ám,1.13,10000.0,2025-10-04 22:47:08.710074
108,37,2025-10-05 10:00:00,30.72,36.86,70,mây đen u ám,2.53,10000.0,2025-10-04 22:47:08.772002
109,37,2025-10-05 13:00:00,26.91,27.64,55,mưa nhẹ,3.82,10000.0,2025-10-04 22:47:08.834344
110,37,2025-10-05 16:00:00,28.65,32.49,73,mưa nhẹ,3.04,10000.0,2025-10-04 22:47:08.893880
111,37,2025-10-05 19:00:00,26.43,26.43,80,mưa nhẹ,4.57,10000.0,2025-10-04 22:47:08.953180
112,37,2025-10-05 22:00:00,25.07,25.93,88,mưa nhẹ,2.31,10000.0,2025-10-04 22:47:09.014722
113,38,2025-10-05 01:00:00,25.21,26.32,97,mưa vừa,1.47,10000.0,2025-10-04 22:47:09.223509
114,38,2025-10-05 04:00:00,24.72,25.78,97,mưa nhẹ,2.19,10000.0,2025-10-04 22:47:09.398753
115,38,2025-10-05 07:00:00,26.14,26.14,95,mây đen u ám,1.14,10000.0,2025-10-04 22:47:09.583181
116,38,2025-10-05 10:00:00,29.29,34.87,77,mây đen u ám,2.42,10000.0,2025-10-04 22:47:09.648916
117,38,2025-10-05 13:00:00,29.95,35.4,72,mưa nhẹ,2.78,10000.0,2025-10-04 22:47:09.721429
118,38,2025-10-05 16:00:00,27.94,32.25,82,mưa vừa,1.61,10000.0,2025-10-04 22:47:09.907271
119,38,2025-10-05 19:00:00,24.05,24.91,92,mưa vừa,3.25,10000.0,2025-10-04 22:47:09.973993
120,38,2025-10-05 22:00:00,23.8,24.72,95,mưa vừa,1.7,10000.0,2025-10-04 22:47:10.033415
121,39,2025-10-05 01:00:00,25.98,25.98,85,mưa nhẹ,1.86,10000.0,2025-10-04 22:47:10.283372
122,39,2025-10-05 04:00:00,25.65,26.46,84,mưa nhẹ,1.67,10000.0,2025-10-04 22:47:10.352755
123,39,2025-10-05 07:00:00,26.06,26.06,83,mây đen u ám,1.7,10000.0,2025-10-04 22:47:10.415735
124,39,2025-10-05 10:00:00,29.52,33.9,70,mây đen u ám,3.8,10000.0,2025-10-04 22:47:10.476140
125,39,2025-10-05 13:00:00,30.6,34.72,63,mây đen u ám,5.07,10000.0,2025-10-04 22:47:10.536838
126,39,2025-10-05 16:00:00,28.78,32.79,73,mây đen u ám,5.86,10000.0,2025-10-04 22:47:10.606629
127,39,2025-10-05 19:00:00,26.83,29.54,82,mưa nhẹ,4.4,10000.0,2025-10-04 22:47:10.667879
128,39,2025-10-05 22:00:00,25.59,26.48,87,mưa nhẹ,3.3,9854.0,2025-10-04 22:47:10.836032
129,40,2025-10-05 01:00:00,24.89,25.78,90,mây cụm,1.03,10000.0,2025-10-04 22:47:11.064080
130,40,2025-10-05 04:00:00,24.56,25.47,92,mưa nhẹ,1.29,10000.0,2025-10-04 22:47:11.134832
131,40,2025-10-05 07:00:00,25.54,26.53,91,mưa nhẹ,1.07,10000.0,2025-10-04 22:47:11.201287
132,40,2025-10-05 10:00:00,31.11,35.34,61,mây đen u ám,2.62,10000.0,2025-10-04 22:47:11.270507
133,40,2025-10-05 13:00:00,31.73,35.09,55,mưa nhẹ,4.27,10000.0,2025-10-04 22:47:11.338580
134,40,2025-10-05 16:00:00,29.77,33.19,64,mây đen u ám,3.42,10000.0,2025-10-04 22:47:11.402626
135,40,2025-10-05 19:00:00,25.86,26.75,86,mưa nhẹ,1.26,10000.0,2025-10-04 22:47:11.465048
136,40,2025-10-05 22:00:00,25.05,25.91,88,mây đen u ám,1.4,10000.0,2025-10-04 22:47:11.524954
137,41,2025-10-05 01:00:00,23.62,24.54,96,bầu trời quang đãng,0.77,10000.0,2025-10-04 22:47:11.880166
138,41,2025-10-05 04:00:00,23.09,23.99,97,mây rải rác,1.13,10000.0,2025-10-04 22:47:11.951931
139,41,2025-10-05 07:00:00,24.4,25.25,90,mây rải rác,1.31,10000.0,2025-10-04 22:47:12.125896
140,41,2025-10-05 10:00:00,31.4,35.18,58,bầu trời quang đãng,0.68,10000.0,2025-10-04 22:47:12.200101
141,41,2025-10-05 13:00:00,33.04,36.37,50,mây thưa,2.28,10000.0,2025-10-04 22:47:12.271593
142,41,2025-10-05 16:00:00,29.17,33.7,73,mưa nhẹ,2.9,10000.0,2025-10-04 22:47:12.336109
143,41,2025-10-05 19:00:00,23.94,24.87,95,mưa nhẹ,1.79,10000.0,2025-10-04 22:47:12.402499
144,41,2025-10-05 22:00:00,23.08,23.95,96,mưa nhẹ,1.99,10000.0,2025-10-04 22:47:12.464537
145,42,2025-10-05 01:00:00,21.42,22.18,98,mưa nhẹ,1.41,6097.0,2025-10-04 22:47:12.746547
146,42,2025-10-05 04:00:00,21.07,21.82,99,mưa nhẹ,1.36,10000.0,2025-10-04 22:47:12.818915
147,42,2025-10-05 07:00:00,21.2,21.91,97,mưa nhẹ,1.29,10000.0,2025-10-04 22:47:12.883459
148,42,2025-10-05 10:00:00,23.87,24.61,88,mây đen u ám,0.95,10000.0,2025-10-04 22:47:12.948864
149,42,2025-10-05 13:00:00,25.48,26.15,79,mây đen u ám,0.54,10000.0,2025-10-04 22:47:13.014280
150,42,2025-10-05 16:00:00,23.31,24.15,94,mây đen u ám,1.71,10000.0,2025-10-04 22:47:13.074720
151,42,2025-10-05 19:00:00,21.82,22.62,98,mưa nhẹ,1.15,10000.0,2025-10-04 22:47:13.135643
152,42,2025-10-05 22:00:00,21.07,21.79,98,mưa nhẹ,1.23,8719.0,2025-10-04 22:47:13.207071
153,62,2025-10-05 01:00:00,24.39,25.13,86,mưa nhẹ,0.66,10000.0,2025-10-04 22:47:13.434274
154,62,2025-10-05 04:00:00,23.2,23.93,90,mây cụm,0.44,10000.0,2025-10-04 22:47:13.503358
155,62,2025-10-05 07:00:00,22.99,23.69,90,mây cụm,0.22,10000.0,2025-10-04 22:47:13.570701
156,62,2025-10-05 10:00:00,29.18,32.74,68,mưa nhẹ,1.1,10000.0,2025-10-04 22:47:13.644508
157,62,2025-10-05 13:00:00,31.61,35.1,56,mưa nhẹ,0.92,10000.0,2025-10-04 22:47:13.705995
158,62,2025-10-05 16:00:00,28.46,32.06,73,mưa nhẹ,0.79,10000.0,2025-10-04 22:47:13.766071
159,62,2025-10-05 19:00:00,24.21,25.06,91,mây cụm,0.65,10000.0,2025-10-04 22:47:13.839840
160,62,2025-10-05 22:00:00,24.15,24.94,89,mưa nhẹ,0.8,10000.0,2025-10-04 22:47:13.906721
161,63,2025-10-05 01:00:00,26.74,29.92,89,mưa nhẹ,1.37,10000.0,2025-10-04 22:47:14.145891
162,63,2025-10-05 04:00:00,26.28,26.28,93,mưa nhẹ,1.4,10000.0,2025-10-04 22:47:14.225257
163,63,2025-10-05 07:00:00,27.41,32.07,91,mây đen u ám,0.96,10000.0,2025-10-04 22:47:14.294546
164,63,2025-10-05 10:00:00,30.61,36.85,71,mây đen u ám,2.01,10000.0,2025-10-04 22:47:14.357200
165,63,2025-10-05 13:00:00,27.25,27.94,54,mưa nhẹ,3.44,10000.0,2025-10-04 22:47:14.421189
166,63,2025-10-05 16:00:00,28.59,32.35,73,mưa nhẹ,2.46,10000.0,2025-10-04 22:47:14.489201
167,63,2025-10-05 19:00:00,26.5,26.5,81,mưa nhẹ,3.55,10000.0,2025-10-04 22:47:14.552858
168,63,2025-10-05 22:00:00,25.09,25.95,88,mưa nhẹ,1.88,10000.0,2025-10-04 22:47:14.627015
169,64,2025-10-05 01:00:00,26.64,26.64,86,mây cụm,2.73,10000.0,2025-10-04 22:47:14.937583
170,64,2025-10-05 04:00:00,26.17,26.17,86,mây đen u ám,2.29,10000.0,2025-10-04 22:47:15.022071
171,64,2025-10-05 07:00:00,26.93,29.86,83,mây đen u ám,3.22,10000.0,2025-10-04 22:47:15.086292
172,64,2025-10-05 10:00:00,31.54,34.96,56,mây đen u ám,5.04,10000.0,2025-10-04 22:47:15.160077
173,64,2025-10-05 13:00:00,32.06,33.55,46,mây đen u ám,6.39,10000.0,2025-10-04 22:47:15.229282
174,64,2025-10-05 16:00:00,31.68,34.74,54,mây đen u ám,6.93,10000.0,2025-10-04 22:47:15.298496
175,64,2025-10-05 19:00:00,28.21,31.37,72,mây đen u ám,4.7,10000.0,2025-10-04 22:47:15.378259
176,64,2025-10-05 22:00:00,27.47,30.46,77,mây đen u ám,3.68,10000.0,2025-10-04 22:47:15.447759
177,65,2025-10-05 01:00:00,19.97,20.58,98,mưa vừa,2.69,10000.0,2025-10-04 22:47:15.779219
178,65,2025-10-05 04:00:00,19.46,20.05,99,mưa vừa,3.16,,2025-10-04 22:47:15.851200
179,65,2025-10-05 07:00:00,19.28,19.85,99,mưa nhẹ,2.84,1461.0,2025-10-04 22:47:15.917923
180,65,2025-10-05 10:00:00,22.16,22.7,87,mưa nhẹ,3.32,10000.0,2025-10-04 22:47:15.983081
181,65,2025-10-05 13:00:00,23.44,23.88,78,mưa nhẹ,4.04,10000.0,2025-10-04 22:47:16.045540
182,65,2025-10-05 16:00:00,23.08,23.64,84,mưa nhẹ,3.13,10000.0,2025-10-04 22:47:16.107853
183,65,2025-10-05 19:00:00,20.13,20.76,98,mưa nhẹ,1.62,10000.0,2025-10-04 22:47:16.169730
184,65,2025-10-05 22:00:00,19.53,20.1,98,mây đen u ám,0.78,10000.0,2025-10-04 22:47:16.234781
185,66,2025-10-05 01:00:00,25.21,25.98,84,mây cụm,0.65,10000.0,2025-10-04 22:47:16.469149
186,66,2025-10-05 04:00:00,24.23,25.01,88,mây cụm,0.64,10000.0,2025-10-04 22:47:16.541622
187,66,2025-10-05 07:00:00,24.63,25.45,88,mây cụm,0.64,10000.0,2025-10-04 22:47:16.614137
188,66,2025-10-05 10:00:00,31.23,35.6,61,bầu trời quang đãng,0.83,10000.0,2025-10-04 22:47:16.716160
189,66,2025-10-05 13:00:00,33.7,38.07,51,mây thưa,1.24,10000.0,2025-10-04 22:47:16.800410
190,66,2025-10-05 16:00:00,31.06,36.87,67,mây cụm,0.68,10000.0,2025-10-04 22:47:16.872618
191,66,2025-10-05 19:00:00,25.67,26.41,81,mây cụm,1.41,10000.0,2025-10-04 22:47:16.935451
192,66,2025-10-05 22:00:00,24.4,25.06,83,mây thưa,1.7,10000.0,2025-10-04 22:47:17.020413
193,67,2025-10-05 01:00:00,26.3,26.3,89,mây thưa,0.73,10000.0,2025-10-04 22:47:17.306781
194,67,2025-10-05 04:00:00,25.48,26.46,91,mây rải rác,1.52,10000.0,2025-10-04 22:47:17.379192
195,67,2025-10-05 07:00:00,26.11,26.11,89,mây rải rác,2.59,10000.0,2025-10-04 22:47:17.442685
196,67,2025-10-05 10:00:00,31.0,36.16,65,mây thưa,3.99,10000.0,2025-10-04 22:47:17.511799
197,67,2025-10-05 13:00:00,33.99,39.42,53,mây thưa,4.83,10000.0,2025-10-04 22:47:17.680176
198,67,2025-10-05 16:00:00,32.85,38.45,58,mây cụm,2.77,10000.0,2025-10-04 22:47:17.754898
199,67,2025-10-05 19:00:00,28.64,32.64,74,mưa nhẹ,2.14,10000.0,2025-10-04 22:47:17.824733
200,67,2025-10-05 22:00:00,27.56,30.41,75,mây đen u ám,2.34,10000.0,2025-10-04 22:47:17.890963
201,68,2025-10-05 01:00:00,25.24,26.17,90,mây đen u ám,1.12,10000.0,2025-10-04 22:47:18.640141
202,68,2025-10-05 04:00:00,24.69,25.62,92,mây đen u ám,1.08,10000.0,2025-10-04 22:47:18.711205
203,68,2025-10-05 07:00:00,25.65,26.57,88,mây đen u ám,1.2,10000.0,2025-10-04 22:47:18.777916
204,68,2025-10-05 10:00:00,29.78,34.97,72,mây đen u ám,1.95,10000.0,2025-10-04 22:47:18.843510
205,68,2025-10-05 13:00:00,31.68,37.52,64,mây đen u ám,2.49,10000.0,2025-10-04 22:47:18.915795
206,68,2025-10-05 16:00:00,30.51,37.44,74,mưa nhẹ,1.98,10000.0,2025-10-04 22:47:18.988698
207,68,2025-10-05 19:00:00,27.09,30.45,85,mưa nhẹ,1.34,10000.0,2025-10-04 22:47:19.063439
208,68,2025-10-05 22:00:00,25.77,26.73,89,mưa nhẹ,2.0,10000.0,2025-10-04 22:47:19.133552
209,69,2025-10-05 01:00:00,26.9,30.45,90,mây thưa,0.8,10000.0,2025-10-04 22:47:19.371483
210,69,2025-10-05 04:00:00,25.95,25.95,92,mây rải rác,2.27,10000.0,2025-10-04 22:47:19.538873
211,69,2025-10-05 07:00:00,26.79,30.05,89,mây rải rác,3.41,10000.0,2025-10-04 22:47:19.608488
212,69,2025-10-05 10:00:00,31.09,37.54,69,mây thưa,5.53,10000.0,2025-10-04 22:47:19.680887
213,69,2025-10-05 13:00:00,34.58,40.84,53,mây thưa,4.87,10000.0,2025-10-04 22:47:19.742650
214,69,2025-10-05 16:00:00,32.1,37.31,60,mây cụm,5.8,10000.0,2025-10-04 22:47:19.811936
215,69,2025-10-05 19:00:00,27.99,30.92,72,mây cụm,3.72,10000.0,2025-10-04 22:47:19.873995
216,69,2025-10-05 22:00:00,26.95,29.19,75,mây đen u ám,4.93,10000.0,2025-10-04 22:47:19.935337
217,70,2025-10-05 01:00:00,25.61,26.58,90,mây đen u ám,2.49,10000.0,2025-10-04 22:47:20.229809
218,70,2025-10-05 04:00:00,25.3,26.26,91,mây đen u ám,2.28,10000.0,2025-10-04 22:47:20.301874
219,70,2025-10-05 07:00:00,26.15,26.15,88,mây đen u ám,2.42,10000.0,2025-10-04 22:47:20.364105
220,70,2025-10-05 10:00:00,30.6,35.22,65,mây đen u ám,4.43,10000.0,2025-10-04 22:47:20.441667
221,70,2025-10-05 13:00:00,31.56,35.26,57,mưa nhẹ,5.18,10000.0,2025-10-04 22:47:20.514187
222,70,2025-10-05 16:00:00,30.08,34.51,67,mưa nhẹ,4.87,10000.0,2025-10-04 22:47:20.590729
223,70,2025-10-05 19:00:00,26.4,26.4,83,mưa nhẹ,3.3,10000.0,2025-10-04 22:47:20.668351
224,70,2025-10-05 22:00:00,25.6,26.46,86,mây đen u ám,3.08,10000.0,2025-10-04 22:47:20.744886
225,71,2025-10-05 01:00:00,24.75,25.68,92,mây thưa,1.06,10000.0,2025-10-04 22:47:20.970522
226,71,2025-10-05 04:00:00,24.03,24.94,94,mây rải rác,1.35,10000.0,2025-10-04 22:47:21.050817
227,71,2025-10-05 07:00:00,24.8,25.69,90,mây rải rác,1.1,10000.0,2025-10-04 22:47:21.118411
228,71,2025-10-05 10:00:00,30.06,34.7,68,mây rải rác,1.69,10000.0,2025-10-04 22:47:21.189649
229,71,2025-10-05 13:00:00,32.55,37.74,58,mưa nhẹ,2.2,10000.0,2025-10-04 22:47:21.261493
230,71,2025-10-05 16:00:00,31.08,36.63,66,mưa nhẹ,1.04,10000.0,2025-10-04 22:47:21.333620
231,71,2025-10-05 19:00:00,26.39,26.39,83,mưa nhẹ,0.94,10000.0,2025-10-04 22:47:21.412179
232,71,2025-10-05 22:00:00,25.67,26.56,87,mưa nhẹ,1.22,10000.0,2025-10-04 22:47:21.499677
233,72,2025-10-05 01:00:00,26.43,26.43,88,mây rải rác,0.62,10000.0,2025-10-04 22:47:21.736720
234,72,2025-10-05 04:00:00,25.56,26.55,91,mây rải rác,1.64,10000.0,2025-10-04 22:47:21.818693
235,72,2025-10-05 07:00:00,26.31,26.31,88,mây rải rác,2.54,10000.0,2025-10-04 22:47:21.885863
236,72,2025-10-05 10:00:00,31.09,36.37,65,mây thưa,4.23,10000.0,2025-10-04 22:47:21.961115
237,72,2025-10-05 13:00:00,34.27,39.35,51,mây thưa,4.68,10000.0,2025-10-04 22:47:22.031012
238,72,2025-10-05 16:00:00,32.48,37.58,58,mây cụm,2.7,10000.0,2025-10-04 22:47:22.100480
239,72,2025-10-05 19:00:00,28.02,31.4,75,mây cụm,2.01,10000.0,2025-10-04 22:47:22.172876
240,72,2025-10-05 22:00:00,27.32,30.02,76,mây đen u ám,2.84,10000.0,2025-10-04 22:47:22.262261
241,73,2025-10-05 01:00:00,25.57,26.4,85,mưa nhẹ,2.63,10000.0,2025-10-04 22:47:22.530722
242,73,2025-10-05 04:00:00,25.13,26.0,88,mây đen u ám,2.63,10000.0,2025-10-04 22:47:22.602764
243,73,2025-10-05 07:00:00,26.68,29.59,87,mây đen u ám,2.45,10000.0,2025-10-04 22:47:22.683742
244,73,2025-10-05 10:00:00,30.03,36.12,74,mây đen u ám,0.71,10000.0,2025-10-04 22:47:22.763801
245,73,2025-10-05 13:00:00,29.94,35.63,73,mây đen u ám,1.17,10000.0,2025-10-04 22:47:22.839277
246,73,2025-10-05 16:00:00,27.14,29.56,75,mây đen u ám,0.16,10000.0,2025-10-04 22:47:22.914501
247,73,2025-10-05 19:00:00,25.69,26.4,80,mây đen u ám,2.71,10000.0,2025-10-04 22:47:22.985767
248,73,2025-10-05 22:00:00,24.45,25.14,84,mưa nhẹ,2.31,10000.0,2025-10-04 22:47:23.051974
249,74,2025-10-05 01:00:00,27.63,30.93,78,mây cụm,4.37,10000.0,2025-10-04 22:47:23.279637
250,74,2025-10-05 04:00:00,27.48,30.72,79,mây đen u ám,4.43,10000.0,2025-10-04 22:47:23.444456
251,74,2025-10-05 07:00:00,28.01,31.67,77,mây đen u ám,4.41,10000.0,2025-10-04 22:47:23.520217
252,74,2025-10-05 10:00:00,29.5,34.29,72,mây cụm,6.43,10000.0,2025-10-04 22:47:23.612813
253,74,2025-10-05 13:00:00,29.14,33.43,72,mây cụm,6.62,10000.0,2025-10-04 22:47:23.755643
254,74,2025-10-05 16:00:00,28.94,32.97,72,mây đen u ám,6.46,10000.0,2025-10-04 22:47:24.058390
255,74,2025-10-05 19:00:00,28.38,32.38,76,mây đen u ám,5.94,10000.0,2025-10-04 22:47:24.167236
256,74,2025-10-05 22:00:00,28.38,32.72,78,mây đen u ám,5.56,10000.0,2025-10-04 22:47:24.286295
257,75,2025-10-05 01:00:00,20.37,21.05,99,mưa vừa,0.21,10000.0,2025-10-04 22:47:24.558737
258,75,2025-10-05 04:00:00,20.38,21.06,99,mưa vừa,0.95,1427.0,2025-10-04 22:47:24.635357
259,75,2025-10-05 07:00:00,20.88,21.61,99,mưa nhẹ,0.74,760.0,2025-10-04 22:47:24.709591
260,75,2025-10-05 10:00:00,23.85,24.59,88,mưa nhẹ,1.35,10000.0,2025-10-04 22:47:24.785278
261,75,2025-10-05 13:00:00,27.49,29.3,66,mưa nhẹ,3.22,10000.0,2025-10-04 22:47:24.967635
262,75,2025-10-05 16:00:00,23.84,24.71,93,mưa nhẹ,1.26,10000.0,2025-10-04 22:47:25.050896
263,75,2025-10-05 19:00:00,21.35,22.05,96,mưa nhẹ,1.01,10000.0,2025-10-04 22:47:25.140615
264,75,2025-10-05 22:00:00,20.64,21.29,97,mây đen u ám,0.42,10000.0,2025-10-04 22:47:25.221850
265,76,2025-10-05 01:00:00,18.68,19.11,96,mưa nhẹ,1.0,10000.0,2025-10-04 22:47:25.542157
266,76,2025-10-05 04:00:00,18.45,18.86,96,mưa nhẹ,0.83,10000.0,2025-10-04 22:47:25.642011
267,76,2025-10-05 07:00:00,18.98,19.44,96,mây rải rác,0.41,10000.0,2025-10-04 22:47:25.765807
268,76,2025-10-05 10:00:00,24.61,25.03,73,mưa nhẹ,1.28,10000.0,2025-10-04 22:47:25.947325
269,76,2025-10-05 13:00:00,25.66,26.14,71,mưa nhẹ,0.87,10000.0,2025-10-04 22:47:26.028108
270,76,2025-10-05 16:00:00,24.18,24.77,81,mưa nhẹ,0.95,10000.0,2025-10-04 22:47:26.101783
271,76,2025-10-05 19:00:00,19.23,19.72,96,mưa nhẹ,1.93,10000.0,2025-10-04 22:47:26.168002
272,76,2025-10-05 22:00:00,18.66,19.09,96,mưa nhẹ,1.59,10000.0,2025-10-04 22:47:26.264074
273,77,2025-10-05 01:00:00,16.33,16.53,96,mưa nhẹ,0.85,10000.0,2025-10-04 22:47:26.532068
274,77,2025-10-05 04:00:00,16.0,16.19,97,mưa vừa,1.84,10000.0,2025-10-04 22:47:26.615733
275,77,2025-10-05 07:00:00,16.2,16.43,98,mưa nhẹ,1.74,8900.0,2025-10-04 22:47:26.830322
276,77,2025-10-05 10:00:00,20.34,20.54,81,mưa nhẹ,2.18,10000.0,2025-10-04 22:47:26.906306
277,77,2025-10-05 13:00:00,22.2,22.09,62,mây đen u ám,2.97,10000.0,2025-10-04 22:47:26.983976
278,77,2025-10-05 16:00:00,21.26,21.19,67,mây đen u ám,2.68,10000.0,2025-10-04 22:47:27.051023
279,77,2025-10-05 19:00:00,16.24,16.5,99,mưa nhẹ,0.73,10000.0,2025-10-04 22:47:27.122834
280,77,2025-10-05 22:00:00,15.59,15.82,100,mưa nhẹ,1.08,9585.0,2025-10-04 22:47:27.205652
281,78,2025-10-05 01:00:00,23.61,24.45,93,mây cụm,0.62,10000.0,2025-10-04 22:47:27.471201
282,78,2025-10-05 04:00:00,22.77,23.61,96,mây rải rác,1.31,10000.0,2025-10-04 22:47:27.541641
283,78,2025-10-05 07:00:00,23.44,24.29,94,mây thưa,1.74,10000.0,2025-10-04 22:47:27.604382
284,78,2025-10-05 10:00:00,28.59,31.07,65,mây thưa,3.85,10000.0,2025-10-04 22:47:27.692324
285,78,2025-10-05 13:00:00,30.86,33.41,55,mây thưa,4.98,10000.0,2025-10-04 22:47:27.772904
286,78,2025-10-05 16:00:00,27.36,29.58,71,mưa nhẹ,4.13,10000.0,2025-10-04 22:47:27.838265
287,78,2025-10-05 19:00:00,24.04,24.67,83,mưa nhẹ,2.46,10000.0,2025-10-04 22:47:28.006098
288,78,2025-10-05 22:00:00,23.56,24.09,81,mây đen u ám,5.4,10000.0,2025-10-04 22:47:28.078464
289,79,2025-10-05 01:00:00,24.73,25.66,92,mây rải rác,0.72,10000.0,2025-10-04 22:47:28.310204
290,79,2025-10-05 04:00:00,24.08,24.97,93,mây rải rác,0.51,10000.0,2025-10-04 22:47:28.378207
291,79,2025-10-05 07:00:00,24.62,25.49,90,mây rải rác,0.6,10000.0,2025-10-04 22:47:28.456365
292,79,2025-10-05 10:00:00,30.27,34.71,66,mưa nhẹ,1.26,10000.0,2025-10-04 22:47:28.541879
293,79,2025-10-05 13:00:00,32.65,37.65,57,mưa nhẹ,1.49,10000.0,2025-10-04 22:47:28.612053
294,79,2025-10-05 16:00:00,31.86,37.35,62,mưa nhẹ,1.06,10000.0,2025-10-04 22:47:28.687238
295,79,2025-10-05 19:00:00,24.4,25.43,97,mưa nhẹ,1.24,9548.0,2025-10-04 22:47:28.770948
296,79,2025-10-05 22:00:00,23.89,24.87,97,mưa nhẹ,1.49,10000.0,2025-10-04 22:47:28.848420
297,80,2025-10-05 01:00:00,26.56,26.56,90,mây đen u ám,1.99,10000.0,2025-10-04 22:47:32.264556
298,80,2025-10-05 04:00:00,26.14,26.14,92,mây đen u ám,1.25,10000.0,2025-10-04 22:47:32.332835
299,80,2025-10-05 07:00:00,27.19,31.05,88,mây đen u ám,2.13,10000.0,2025-10-04 22:47:32.397874
300,80,2025-10-05 10:00:00,30.86,35.04,62,mây cụm,3.06,10000.0,2025-10-04 22:47:32.472865
301,80,2025-10-05 13:00:00,27.84,28.44,52,mây cụm,4.84,10000.0,2025-10-04 22:47:32.539848
302,80,2025-10-05 16:00:00,29.16,32.51,67,mây đen u ám,4.94,10000.0,2025-10-04 22:47:32.602261
303,80,2025-10-05 19:00:00,26.88,29.3,78,mưa nhẹ,3.76,10000.0,2025-10-04 22:47:32.665879
304,80,2025-10-05 22:00:00,25.82,26.73,87,mây đen u ám,2.06,10000.0,2025-10-04 22:47:32.736797
305,81,2025-10-05 01:00:00,26.78,29.76,86,mây thưa,0.98,10000.0,2025-10-04 22:47:33.025661
306,81,2025-10-05 04:00:00,25.91,26.85,88,mây thưa,2.07,10000.0,2025-10-04 22:47:33.092126
307,81,2025-10-05 07:00:00,26.45,26.45,88,mây thưa,3.08,10000.0,2025-10-04 22:47:33.157176
308,81,2025-10-05 10:00:00,30.77,36.15,67,mây thưa,4.61,10000.0,2025-10-04 22:47:33.227837
309,81,2025-10-05 13:00:00,33.9,39.94,55,mây thưa,5.05,10000.0,2025-10-04 22:47:33.302635
310,81,2025-10-05 16:00:00,32.83,38.07,57,mây cụm,3.5,10000.0,2025-10-04 22:47:33.369012
311,81,2025-10-05 19:00:00,28.5,32.66,76,mưa nhẹ,1.69,10000.0,2025-10-04 22:47:33.431141
312,81,2025-10-05 22:00:00,27.76,30.96,76,mây đen u ám,3.78,10000.0,2025-10-04 22:47:33.492816
313,82,2025-10-05 01:00:00,25.5,26.38,87,mây đen u ám,1.62,10000.0,2025-10-04 22:47:33.744095
314,82,2025-10-05 04:00:00,24.84,25.73,90,mây đen u ám,1.74,10000.0,2025-10-04 22:47:33.815413
315,82,2025-10-05 07:00:00,25.5,26.43,89,mây cụm,1.75,10000.0,2025-10-04 22:47:33.878677
316,82,2025-10-05 10:00:00,29.64,34.86,73,mây cụm,2.61,10000.0,2025-10-04 22:47:33.947286
317,82,2025-10-05 13:00:00,31.93,37.83,63,mây cụm,2.13,10000.0,2025-10-04 22:47:34.009540
318,82,2025-10-05 16:00:00,31.46,38.21,68,mưa nhẹ,1.71,10000.0,2025-10-04 22:47:34.074438
319,82,2025-10-05 19:00:00,28.24,32.71,80,mưa nhẹ,1.52,10000.0,2025-10-04 22:47:34.138840
320,82,2025-10-05 22:00:00,27.06,30.38,85,mây đen u ám,1.56,10000.0,2025-10-04 22:47:34.198371
321,83,2025-10-05 01:00:00,26.23,26.23,87,mây thưa,1.37,10000.0,2025-10-04 22:47:34.446624
322,83,2025-10-05 04:00:00,25.41,26.3,88,mây cụm,1.7,10000.0,2025-10-04 22:47:34.516667
323,83,2025-10-05 07:00:00,26.07,26.07,89,mây cụm,2.48,10000.0,2025-10-04 22:47:34.580229
324,83,2025-10-05 10:00:00,31.06,36.3,65,mây thưa,3.74,10000.0,2025-10-04 22:47:34.650656
325,83,2025-10-05 13:00:00,34.01,39.11,52,mây thưa,4.69,10000.0,2025-10-04 22:47:34.716605
326,83,2025-10-05 16:00:00,32.97,38.4,57,mây cụm,3.28,10000.0,2025-10-04 22:47:34.783116
327,83,2025-10-05 19:00:00,28.95,32.99,72,mưa nhẹ,2.58,10000.0,2025-10-04 22:47:34.952465
328,83,2025-10-05 22:00:00,27.98,31.03,73,mây đen u ám,2.57,10000.0,2025-10-04 22:47:35.024564
329,84,2025-10-05 01:00:00,25.4,26.29,88,mưa nhẹ,1.35,10000.0,2025-10-04 22:47:35.256132
330,84,2025-10-05 04:00:00,24.95,25.8,88,mưa nhẹ,2.19,10000.0,2025-10-04 22:47:35.324474
331,84,2025-10-05 07:00:00,26.31,26.31,85,mây đen u ám,1.25,10000.0,2025-10-04 22:47:35.390277
332,84,2025-10-05 10:00:00,30.63,34.55,62,mây đen u ám,3.4,10000.0,2025-10-04 22:47:35.463529
333,84,2025-10-05 13:00:00,29.95,36.16,75,mây đen u ám,3.1,10000.0,2025-10-04 22:47:35.527443
334,84,2025-10-05 16:00:00,28.44,33.05,79,mây đen u ám,4.57,10000.0,2025-10-04 22:47:35.592462
335,84,2025-10-05 19:00:00,26.48,26.48,84,mưa nhẹ,4.16,10000.0,2025-10-04 22:47:35.656676
336,84,2025-10-05 22:00:00,25.58,26.44,86,mưa nhẹ,2.98,10000.0,2025-10-04 22:47:35.718189
337,85,2025-10-05 01:00:00,26.07,26.07,87,bầu trời quang đãng,1.4,10000.0,2025-10-04 22:47:35.948737
338,85,2025-10-05 04:00:00,25.36,26.3,90,mây thưa,0.78,10000.0,2025-10-04 22:47:36.018426
339,85,2025-10-05 07:00:00,25.59,26.53,89,mây rải rác,2.16,10000.0,2025-10-04 22:47:36.077772
340,85,2025-10-05 10:00:00,30.18,35.73,71,mây thưa,3.39,10000.0,2025-10-04 22:47:36.141816
341,85,2025-10-05 13:00:00,33.72,39.14,54,mây thưa,1.95,10000.0,2025-10-04 22:47:36.208494
342,85,2025-10-05 16:00:00,34.25,39.3,51,mây cụm,1.59,10000.0,2025-10-04 22:47:36.272513
343,85,2025-10-05 19:00:00,29.93,33.95,66,mây đen u ám,1.0,10000.0,2025-10-04 22:47:36.333810
344,85,2025-10-05 22:00:00,26.91,29.72,82,mưa nhẹ,1.26,4345.0,2025-10-04 22:47:36.392479
345,86,2025-10-05 01:00:00,24.53,25.49,94,mưa nhẹ,4.29,10000.0,2025-10-04 22:47:36.637528
346,86,2025-10-05 04:00:00,23.93,24.86,95,mưa vừa,4.8,10000.0,2025-10-04 22:47:36.822937
347,86,2025-10-05 07:00:00,24.68,25.48,87,mưa nhẹ,4.31,10000.0,2025-10-04 22:47:36.887991
348,86,2025-10-05 10:00:00,26.56,26.56,80,mây đen u ám,1.54,10000.0,2025-10-04 22:47:36.962162
349,86,2025-10-05 13:00:00,27.31,30.22,78,mây đen u ám,1.41,10000.0,2025-10-04 22:47:37.031708
350,86,2025-10-05 16:00:00,26.45,26.45,79,mây đen u ám,1.05,10000.0,2025-10-04 22:47:37.095377
351,86,2025-10-05 19:00:00,25.5,26.22,81,mây đen u ám,1.72,10000.0,2025-10-04 22:47:37.160906
352,86,2025-10-05 22:00:00,25.47,26.11,78,mây đen u ám,1.64,10000.0,2025-10-04 22:47:37.226258
353,87,2025-10-05 01:00:00,25.66,26.55,87,mây đen u ám,1.25,10000.0,2025-10-04 22:47:37.448178
354,87,2025-10-05 04:00:00,25.15,25.94,85,mây đen u ám,1.37,10000.0,2025-10-04 22:47:37.517921
355,87,2025-10-05 07:00:00,26.01,26.01,81,mây đen u ám,1.46,10000.0,2025-10-04 22:47:37.582490
356,87,2025-10-05 10:00:00,30.31,34.33,64,mây đen u ám,1.8,10000.0,2025-10-04 22:47:37.647788
357,87,2025-10-05 13:00:00,32.44,37.48,58,mây đen u ám,2.27,10000.0,2025-10-04 22:47:37.712742
358,87,2025-10-05 16:00:00,30.74,36.91,70,mưa nhẹ,2.45,10000.0,2025-10-04 22:47:37.774349
359,87,2025-10-05 19:00:00,27.28,30.37,80,mưa nhẹ,3.26,10000.0,2025-10-04 22:47:37.841665
360,87,2025-10-05 22:00:00,26.67,29.02,80,mây đen u ám,3.53,10000.0,2025-10-04 22:47:37.904650
361,88,2025-10-05 01:00:00,25.73,26.68,89,mây đen u ám,1.61,10000.0,2025-10-04 22:47:38.114478
362,88,2025-10-05 04:00:00,24.77,25.7,92,mưa nhẹ,2.39,10000.0,2025-10-04 22:47:38.181935
363,88,2025-10-05 07:00:00,25.24,26.12,88,mây đen u ám,1.46,10000.0,2025-10-04 22:47:38.245145
364,88,2025-10-05 10:00:00,29.89,35.01,71,mây đen u ám,1.11,10000.0,2025-10-04 22:47:38.312833
365,88,2025-10-05 13:00:00,31.52,36.83,63,mây đen u ám,1.6,10000.0,2025-10-04 22:47:38.379991
366,88,2025-10-05 16:00:00,28.05,32.22,80,mưa nhẹ,2.73,10000.0,2025-10-04 22:47:38.441662
367,88,2025-10-05 19:00:00,26.54,26.54,85,mưa nhẹ,2.57,10000.0,2025-10-04 22:47:38.503984
368,88,2025-10-05 22:00:00,25.44,26.36,89,mây đen u ám,2.15,10000.0,2025-10-04 22:47:38.583898
369,89,2025-10-05 01:00:00,24.4,25.32,93,mưa nhẹ,2.14,10000.0,2025-10-04 22:47:38.831520
370,89,2025-10-05 04:00:00,23.89,24.74,92,mây đen u ám,2.24,10000.0,2025-10-04 22:47:38.904383
371,89,2025-10-05 07:00:00,24.37,25.19,89,mây đen u ám,1.84,10000.0,2025-10-04 22:47:38.968755
372,89,2025-10-05 10:00:00,29.07,33.27,72,mây đen u ám,2.06,10000.0,2025-10-04 22:47:39.035711
373,89,2025-10-05 13:00:00,31.37,36.19,62,mây đen u ám,1.27,10000.0,2025-10-04 22:47:39.231384
374,89,2025-10-05 16:00:00,28.89,33.62,76,mưa nhẹ,1.83,10000.0,2025-10-04 22:47:39.310564
375,89,2025-10-05 19:00:00,25.85,26.68,84,mây đen u ám,0.6,10000.0,2025-10-04 22:47:39.380274
376,89,2025-10-05 22:00:00,24.97,25.79,87,mây đen u ám,2.42,10000.0,2025-10-04 22:47:39.440206
377,90,2025-10-05 01:00:00,25.33,26.32,92,bầu trời quang đãng,1.75,10000.0,2025-10-04 22:47:39.642405
378,90,2025-10-05 04:00:00,24.69,25.59,91,mây rải rác,2.39,10000.0,2025-10-04 22:47:39.709902
379,90,2025-10-05 07:00:00,25.86,26.67,83,mây thưa,2.54,10000.0,2025-10-04 22:47:39.774972
380,90,2025-10-05 10:00:00,31.95,36.66,59,mây thưa,3.01,10000.0,2025-10-04 22:47:39.843815
381,90,2025-10-05 13:00:00,33.24,37.71,53,mây rải rác,4.08,10000.0,2025-10-04 22:47:39.907490
382,90,2025-10-05 16:00:00,28.13,31.64,75,mưa nhẹ,3.62,10000.0,2025-10-04 22:47:39.968415
383,90,2025-10-05 19:00:00,27.3,29.67,73,mây đen u ám,5.67,10000.0,2025-10-04 22:47:40.038904
384,90,2025-10-05 22:00:00,27.56,29.73,69,mây đen u ám,6.45,10000.0,2025-10-04 22:47:40.104508
385,91,2025-10-05 01:00:00,25.35,26.32,91,mây đen u ám,1.5,10000.0,2025-10-04 22:47:40.365364
386,91,2025-10-05 04:00:00,24.6,25.49,91,mây đen u ám,1.97,10000.0,2025-10-04 22:47:40.434959
387,91,2025-10-05 07:00:00,25.14,26.01,88,mây đen u ám,1.96,10000.0,2025-10-04 22:47:40.501074
388,91,2025-10-05 10:00:00,30.33,35.6,69,mây đen u ám,4.5,10000.0,2025-10-04 22:47:40.564819
389,91,2025-10-05 13:00:00,30.85,36.34,67,mây đen u ám,3.79,10000.0,2025-10-04 22:47:40.626861
390,91,2025-10-05 16:00:00,28.44,32.18,74,mây đen u ám,4.7,10000.0,2025-10-04 22:47:40.689079
391,91,2025-10-05 19:00:00,26.7,28.79,76,mây đen u ám,3.76,10000.0,2025-10-04 22:47:40.755876
392,91,2025-10-05 22:00:00,25.92,26.63,79,mây đen u ám,2.6,10000.0,2025-10-04 22:47:40.822009
393,92,2025-10-05 01:00:00,25.57,26.58,92,mây cụm,2.01,10000.0,2025-10-04 22:47:41.096603
394,92,2025-10-05 04:00:00,25.17,26.12,91,mây đen u ám,1.89,10000.0,2025-10-04 22:47:41.170955
395,92,2025-10-05 07:00:00,25.89,26.83,88,mây đen u ám,1.62,10000.0,2025-10-04 22:47:41.240154
396,92,2025-10-05 10:00:00,30.25,34.67,66,mây đen u ám,3.58,10000.0,2025-10-04 22:47:41.306216
397,92,2025-10-05 13:00:00,31.42,34.72,56,mây đen u ám,4.3,10000.0,2025-10-04 22:47:41.373952
398,92,2025-10-05 16:00:00,29.36,33.74,71,mưa nhẹ,3.99,10000.0,2025-10-04 22:47:41.437506
399,92,2025-10-05 19:00:00,26.1,26.1,85,mưa nhẹ,2.5,10000.0,2025-10-04 22:47:41.500162
400,92,2025-10-05 22:00:00,25.55,26.43,87,mây đen u ám,2.38,10000.0,2025-10-04 22:47:41.569322
401,93,2025-10-05 01:00:00,20.47,21.13,98,mưa nhẹ,1.08,10000.0,2025-10-04 22:47:41.772953
402,93,2025-10-05 04:00:00,20.2,20.83,98,mây rải rác,0.72,10000.0,2025-10-04 22:47:41.839557
403,93,2025-10-05 07:00:00,20.77,21.44,97,mây cụm,0.22,10000.0,2025-10-04 22:47:41.905111
404,93,2025-10-05 10:00:00,26.91,28.86,72,mưa nhẹ,0.75,10000.0,2025-10-04 22:47:41.969306
405,93,2025-10-05 13:00:00,28.82,31.66,66,mưa nhẹ,0.09,10000.0,2025-10-04 22:47:42.037609
406,93,2025-10-05 16:00:00,26.37,26.37,84,mưa nhẹ,0.32,10000.0,2025-10-04 22:47:42.104139
407,93,2025-10-05 19:00:00,21.26,21.9,94,mưa nhẹ,0.97,10000.0,2025-10-04 22:47:42.177286
408,93,2025-10-05 22:00:00,20.42,20.97,94,mưa nhẹ,0.69,10000.0,2025-10-04 22:47:42.245851
409,94,2025-10-05 01:00:00,26.45,26.45,86,mưa nhẹ,1.55,10000.0,2025-10-04 22:47:42.595379
410,94,2025-10-05 04:00:00,25.95,25.95,88,mây đen u ám,2.45,10000.0,2025-10-04 22:47:42.663434
411,94,2025-10-05 07:00:00,26.85,29.94,86,mây đen u ám,2.18,10000.0,2025-10-04 22:47:42.725993
412,94,2025-10-05 10:00:00,30.76,34.83,62,mây đen u ám,4.37,10000.0,2025-10-04 22:47:42.789466
413,94,2025-10-05 13:00:00,30.31,31.03,47,mây đen u ám,4.83,10000.0,2025-10-04 22:47:42.857357
414,94,2025-10-05 16:00:00,30.34,34.16,63,mây đen u ám,2.76,10000.0,2025-10-04 22:47:42.921254
415,94,2025-10-05 19:00:00,28.98,31.64,64,mưa nhẹ,6.41,10000.0,2025-10-04 22:47:42.984608
416,94,2025-10-05 22:00:00,26.68,28.97,79,mưa nhẹ,2.47,10000.0,2025-10-04 22:47:43.054308
417,95,2025-10-05 01:00:00,27.02,30.38,86,mây thưa,0.64,10000.0,2025-10-04 22:47:43.278007
418,95,2025-10-05 04:00:00,25.99,25.99,89,mây thưa,2.34,10000.0,2025-10-04 22:47:43.351650
419,95,2025-10-05 07:00:00,26.59,26.59,88,mây rải rác,3.25,10000.0,2025-10-04 22:47:43.420768
420,95,2025-10-05 10:00:00,30.95,36.88,68,mây rải rác,5.3,10000.0,2025-10-04 22:47:43.482389
421,95,2025-10-05 13:00:00,34.08,40.38,55,mây thưa,5.68,10000.0,2025-10-04 22:47:43.555316
422,95,2025-10-05 16:00:00,32.23,37.31,59,mây cụm,5.14,10000.0,2025-10-04 22:47:43.626872
423,95,2025-10-05 19:00:00,28.01,31.52,76,mưa nhẹ,1.54,10000.0,2025-10-04 22:47:43.689416
424,95,2025-10-05 22:00:00,27.62,30.66,76,mây đen u ám,4.49,10000.0,2025-10-04 22:47:43.757929
425,96,2025-10-05 01:00:00,25.62,26.59,90,mây thưa,0.35,10000.0,2025-10-04 22:47:44.001733
426,96,2025-10-05 04:00:00,24.86,25.83,93,mây thưa,1.48,10000.0,2025-10-04 22:47:44.068522
427,96,2025-10-05 07:00:00,25.73,26.68,89,bầu trời quang đãng,1.96,10000.0,2025-10-04 22:47:44.138173
428,96,2025-10-05 10:00:00,31.51,36.81,63,bầu trời quang đãng,2.67,10000.0,2025-10-04 22:47:44.204861
429,96,2025-10-05 13:00:00,34.99,38.81,45,bầu trời quang đãng,1.61,10000.0,2025-10-04 22:47:44.265963
430,96,2025-10-05 16:00:00,33.73,38.47,52,mây cụm,3.54,10000.0,2025-10-04 22:47:44.329992
431,96,2025-10-05 19:00:00,27.83,30.59,72,mây đen u ám,1.75,10000.0,2025-10-04 22:47:44.400294
432,96,2025-10-05 22:00:00,26.88,28.97,74,mây đen u ám,2.73,10000.0,2025-10-04 22:47:44.461139
433,97,2025-10-05 01:00:00,25.18,26.08,89,mây rải rác,1.23,10000.0,2025-10-04 22:47:44.712756
434,97,2025-10-05 04:00:00,24.5,25.41,92,mây cụm,1.39,10000.0,2025-10-04 22:47:44.784339
435,97,2025-10-05 07:00:00,25.44,26.34,88,mây đen u ám,1.79,10000.0,2025-10-04 22:47:44.846895
436,97,2025-10-05 10:00:00,30.42,35.3,67,mây rải rác,2.59,10000.0,2025-10-04 22:47:44.915953
437,97,2025-10-05 13:00:00,33.55,38.74,54,mây rải rác,2.63,10000.0,2025-10-04 22:47:44.977220
438,97,2025-10-05 16:00:00,32.08,38.21,63,mây đen u ám,3.19,10000.0,2025-10-04 22:47:45.038361
439,97,2025-10-05 19:00:00,27.89,30.98,74,mây đen u ám,1.47,10000.0,2025-10-04 22:47:45.100809
440,97,2025-10-05 22:00:00,25.91,26.8,86,mưa nhẹ,1.74,10000.0,2025-10-04 22:47:45.169229
441,98,2025-10-05 01:00:00,26.39,26.39,84,mây đen u ám,1.22,10000.0,2025-10-04 22:47:45.406747
442,98,2025-10-05 04:00:00,25.39,26.31,89,mây cụm,1.36,10000.0,2025-10-04 22:47:45.474403
443,98,2025-10-05 07:00:00,25.64,26.56,88,mây đen u ám,1.54,10000.0,2025-10-04 22:47:45.537981
444,98,2025-10-05 10:00:00,30.82,36.0,66,mây đen u ám,0.67,10000.0,2025-10-04 22:47:45.603305
445,98,2025-10-05 13:00:00,31.02,38.02,73,mây đen u ám,2.45,10000.0,2025-10-04 22:47:45.669230
446,98,2025-10-05 16:00:00,27.84,32.45,85,mây đen u ám,1.98,10000.0,2025-10-04 22:47:45.735510
447,98,2025-10-05 19:00:00,25.88,26.8,87,mây đen u ám,1.25,10000.0,2025-10-04 22:47:45.798204
448,98,2025-10-05 22:00:00,25.1,25.94,87,mây đen u ám,1.33,10000.0,2025-10-04 22:47:45.861801
449,99,2025-10-05 01:00:00,26.17,26.17,93,mây đen u ám,1.51,10000.0,2025-10-04 22:47:49.306744
450,99,2025-10-05 04:00:00,25.72,26.8,94,mây đen u ám,0.93,10000.0,2025-10-04 22:47:49.373867
451,99,2025-10-05 07:00:00,26.73,30.06,91,mây đen u ám,1.66,10000.0,2025-10-04 22:47:49.434994
452,99,2025-10-05 10:00:00,31.03,34.91,60,mây cụm,2.77,10000.0,2025-10-04 22:47:49.495664
453,99,2025-10-05 13:00:00,28.58,29.46,53,mây đen u ám,3.6,10000.0,2025-10-04 22:47:49.557660
454,99,2025-10-05 16:00:00,28.11,31.31,73,mưa nhẹ,3.37,10000.0,2025-10-04 22:47:49.624954
455,99,2025-10-05 19:00:00,25.74,26.64,87,mưa nhẹ,2.28,10000.0,2025-10-04 22:47:49.697835
456,99,2025-10-05 22:00:00,25.05,26.04,93,mây đen u ám,1.61,10000.0,2025-10-04 22:47:49.758315
457,100,2025-10-05 01:00:00,25.85,26.89,92,mây đen u ám,1.8,10000.0,2025-10-04 22:47:50.137184
458,100,2025-10-05 04:00:00,25.51,26.49,91,mây đen u ám,1.53,10000.0,2025-10-04 22:47:50.201198
459,100,2025-10-05 07:00:00,26.11,26.11,89,mây đen u ám,1.5,10000.0,2025-10-04 22:47:50.271581
460,100,2025-10-05 10:00:00,29.75,34.21,69,mây đen u ám,2.77,10000.0,2025-10-04 22:47:50.332089
461,100,2025-10-05 13:00:00,30.76,32.41,51,mây đen u ám,3.7,10000.0,2025-10-04 22:47:50.391937
462,100,2025-10-05 16:00:00,28.85,33.14,74,mưa nhẹ,3.34,7258.0,2025-10-04 22:47:50.463348
463,100,2025-10-05 19:00:00,25.63,26.6,90,mưa nhẹ,2.12,10000.0,2025-10-04 22:47:50.524807
464,100,2025-10-05 22:00:00,25.17,26.12,91,mây đen u ám,1.86,10000.0,2025-10-04 22:47:50.588765
465,101,2025-10-05 01:00:00,25.44,26.31,87,mưa nhẹ,0.79,10000.0,2025-10-04 22:47:50.855932
466,101,2025-10-05 04:00:00,24.71,25.64,92,mưa nhẹ,0.75,10000.0,2025-10-04 22:47:50.924111
467,101,2025-10-05 07:00:00,25.24,26.2,91,bầu trời quang đãng,0.56,10000.0,2025-10-04 22:47:50.985700
468,101,2025-10-05 10:00:00,31.06,36.3,65,bầu trời quang đãng,1.11,10000.0,2025-10-04 22:47:51.050546
469,101,2025-10-05 13:00:00,34.56,39.65,50,mây thưa,0.77,10000.0,2025-10-04 22:47:51.115576
470,101,2025-10-05 16:00:00,31.7,37.57,64,mây cụm,0.95,10000.0,2025-10-04 22:47:51.173451
471,101,2025-10-05 19:00:00,28.17,31.89,76,mây đen u ám,1.27,10000.0,2025-10-04 22:47:51.248629
472,101,2025-10-05 22:00:00,25.39,26.28,88,mưa nhẹ,1.67,8270.0,2025-10-04 22:47:51.329432
473,102,2025-10-05 01:00:00,26.15,26.15,90,mây cụm,2.38,10000.0,2025-10-04 22:47:51.577516
474,102,2025-10-05 04:00:00,25.65,26.65,91,mây đen u ám,1.91,10000.0,2025-10-04 22:47:51.646503
475,102,2025-10-05 07:00:00,26.42,26.42,87,mây đen u ám,2.44,10000.0,2025-10-04 22:47:51.708404
476,102,2025-10-05 10:00:00,31.0,35.35,62,mây đen u ám,3.71,10000.0,2025-10-04 22:47:51.890057
477,102,2025-10-05 13:00:00,31.02,32.46,49,mây đen u ám,4.35,10000.0,2025-10-04 22:47:51.957116
478,102,2025-10-05 16:00:00,29.93,33.95,66,mưa nhẹ,4.53,10000.0,2025-10-04 22:47:52.123269
479,102,2025-10-05 19:00:00,26.84,29.56,82,mưa nhẹ,2.66,10000.0,2025-10-04 22:47:52.192613
480,102,2025-10-05 22:00:00,25.91,26.8,86,mây đen u ám,2.44,10000.0,2025-10-04 22:47:52.267803
481,103,2025-10-05 01:00:00,26.12,26.12,88,mây thưa,1.74,10000.0,2025-10-04 22:47:52.482543
482,103,2025-10-05 04:00:00,25.46,26.39,89,mây rải rác,1.17,10000.0,2025-10-04 22:47:52.554777
483,103,2025-10-05 07:00:00,25.83,26.79,89,mây rải rác,2.23,10000.0,2025-10-04 22:47:52.620418
484,103,2025-10-05 10:00:00,30.54,36.12,69,mây thưa,3.37,10000.0,2025-10-04 22:47:52.681564
485,103,2025-10-05 13:00:00,33.9,39.21,53,mây thưa,1.47,10000.0,2025-10-04 22:47:52.740304
486,103,2025-10-05 16:00:00,34.72,39.65,49,mây đen u ám,0.37,10000.0,2025-10-04 22:47:52.899435
487,103,2025-10-05 19:00:00,29.07,32.88,70,mây đen u ám,1.39,10000.0,2025-10-04 22:47:52.969468
488,103,2025-10-05 22:00:00,27.35,30.31,78,mưa nhẹ,1.38,10000.0,2025-10-04 22:47:53.032815
489,104,2025-10-05 01:00:00,25.58,26.44,86,mây thưa,0.5,10000.0,2025-10-04 22:47:53.281053
490,104,2025-10-05 04:00:00,24.91,25.81,90,mây thưa,0.8,10000.0,2025-10-04 22:47:53.354883
491,104,2025-10-05 07:00:00,25.5,26.38,87,bầu trời quang đãng,0.79,10000.0,2025-10-04 22:47:53.422268
492,104,2025-10-05 10:00:00,30.22,35.08,68,mây thưa,1.06,10000.0,2025-10-04 22:47:53.485092
493,104,2025-10-05 13:00:00,31.83,36.68,60,mây thưa,1.48,10000.0,2025-10-04 22:47:53.546718
494,104,2025-10-05 16:00:00,31.96,37.28,61,mưa nhẹ,1.37,10000.0,2025-10-04 22:47:53.620106
495,104,2025-10-05 19:00:00,28.29,32.33,77,mây cụm,1.39,10000.0,2025-10-04 22:47:53.688486
496,104,2025-10-05 22:00:00,27.01,29.76,80,mây cụm,1.35,10000.0,2025-10-04 22:47:53.752029
